Column;wikisource;GND_name;GND;GND_gender;Ländercode;link;wikisource_ID
0;Heinrich Laube;Laube, Heinrich;118570080;Männlich;"Österreich;Polen;Deutschland";https://www.wikidata.org/wiki/Q77470;Q77470
1;Ottokar Franz Ebersberg;Ebersberg, Ottokar Franz;116329696;Männlich;"Deutschland;Österreich";https://www.wikidata.org/wiki/Q2041398;Q2041398
2;Wilhelmine von Hillern;Hillern, Wilhelmine von;118904779;Weiblich;Deutschland;https://www.wikidata.org/wiki/Q88281;Q88281
3;Johann Friedrich Kind;Kind, Johann Friedrich;118885235;Männlich;Deutschland;https://www.wikidata.org/wiki/Q78246;Q78246
4;Friederike Reinhardt;Reinhardt, Friederike;116420472;Weiblich;Deutschland;https://www.wikidata.org/wiki/Q18916763;Q18916763
5;Maxim Ziese;Ziese, Maxim;116989548;Männlich;Deutschland;https://www.wikidata.org/wiki/Q1431152;Q1431152
6;Karl Malss;Malss, Karl;119098911;Männlich;Deutschland;https://www.wikidata.org/wiki/Q1039634;Q1039634
7;Hermann Bahr;Bahr, Hermann;118505955;Männlich;"Österreich;Deutschland";https://www.wikidata.org/wiki/Q94034;Q94034
8;Heinrich von Kleist;Kleist, Heinrich von;118563076;Männlich;Deutschland;https://www.wikidata.org/wiki/Q28494;Q28494
9;Hans Kaltneker;Kaltneker, Hans;11855963X;Männlich;"Deutschland;Ungarn;Österreich";https://www.wikidata.org/wiki/Q1580659;Q1580659
10;Eduard Heinrich Gehe;Gehe, Eduard Heinrich;102522359;Männlich;Deutschland;https://www.wikidata.org/wiki/Q1288681;Q1288681
11;Max Dauthendey;Dauthendey, Max;118678973;Männlich;Deutschland;https://www.wikidata.org/wiki/Q481550;Q481550
12;Lily Braun;Braun, Lily;11867353X;Weiblich;Deutschland;https://www.wikidata.org/wiki/Q71372;Q71372
13;Friedrich Maximilian Klinger;Klinger, Friedrich Maximilian von;118563319;Männlich;Deutschland;https://www.wikidata.org/wiki/Q213549;Q213549
14;Adolf Glassbrenner;Glaßbrenner, Adolf;118539698;Männlich;Deutschland;https://www.wikidata.org/wiki/Q72840;Q72840
15;Annette von Droste-Hülshoff;Droste-Hülshoff, Annette von;118527533;Weiblich;Deutschland;https://www.wikidata.org/wiki/Q57307;Q57307
16;Johann Wilhelm Ludwig Gleim;Gleim, Johann Wilhelm Ludwig;118717758;Männlich;Deutschland;https://www.wikidata.org/wiki/Q64364;Q64364
17;Reinhard Goering;Goering, Reinhard;118828657;Männlich;"Schweiz;Deutschland";https://www.wikidata.org/wiki/Q77886;Q77886
18;Heinrich Leopold Wagner;Wagner, Heinrich Leopold;11862833X;Männlich;"Deutschland;Frankreich";https://www.wikidata.org/wiki/Q62880;Q62880
19;Friedrich Wilhelm d’Elpons;D'Elpons, Friedrich Wilhelm;1107198054;Männlich;Deutschland;https://www.wikidata.org/wiki/Q88660800;Q88660800
20;Hermann Boßdorf;Boßdorf, Hermann;118659405;Männlich;Deutschland;https://www.wikidata.org/wiki/Q105047;Q105047
21;Gustav Freytag;Freytag, Gustav;118535455;Männlich;"Polen;Deutschland";https://www.wikidata.org/wiki/Q58811;Q58811
22;Hedwig Dohm;Dohm, Hedwig;11852643X;Weiblich;Deutschland;https://www.wikidata.org/wiki/Q71491;Q71491
23;Sophie Albrecht;Albrecht, Sophie;116010010;Weiblich;Deutschland;https://www.wikidata.org/wiki/Q1330321;Q1330321
24;Christian Fürchtegott Gellert;Gellert, Christian Fürchtegott;118538322;Männlich;Deutschland;https://www.wikidata.org/wiki/Q60584;Q60584
25;Georg Ludwig Peter Sievers;Sievers, Georg L.;119118300;Männlich;Deutschland;https://www.wikidata.org/wiki/Q1505250;Q1505250
26;Robert Musil;Musil, Robert;118585916;Männlich;"Deutschland;Österreich;Italien;Schweiz";https://www.wikidata.org/wiki/Q78487;Q78487
27;Christian Leberecht Heyne;Heyne, Christian Leberecht;113668260;Männlich;Deutschland;https://www.wikidata.org/wiki/Q23710566;Q23710566
28;Ferdinand Avenarius;Avenarius, Ferdinand;118651218;Männlich;Deutschland;https://www.wikidata.org/wiki/Q85155;Q85155
29;Joseph Victor Widmann;Widmann, Joseph Viktor;118632302;Männlich;"Schweiz;Deutschland;Österreich";https://www.wikidata.org/wiki/Q1518888;Q1518888
30;Wolfgang Borchert;Borchert, Wolfgang;118513451;Männlich;Deutschland;https://www.wikidata.org/wiki/Q58799;Q58799
31;Karl Ferdinand Daniel Grohmann;Grohmann, Carl Ferdinand Daniel;128572795;Männlich;Deutschland;https://www.wikidata.org/wiki/Q54506863;Q54506863
32;Elise Bürger;Bürger, Elise;118517090;Weiblich;Deutschland;https://www.wikidata.org/wiki/Q1330617;Q1330617
33;Hugo von Hofmannsthal;Hofmannsthal, Hugo von;118552759;Männlich;"Deutschland;Österreich";https://www.wikidata.org/wiki/Q51513;Q51513
34;Christian Reuter;Reuter, Christian;118744690;Männlich;Deutschland;https://www.wikidata.org/wiki/Q103304;Q103304
35;Johann Gabriel Bernhard Büschel;Büschel, Johann Gabriel Bernhard;100062067;Männlich;Deutschland;https://www.wikidata.org/wiki/Q23531388;Q23531388
36;Friedrich Wolf;Wolf, Friedrich;118634674;Männlich;"Frankreich;Polen;Deutschland;Russland";https://www.wikidata.org/wiki/Q77447;Q77447
37;Franz Kafka;Kafka, Franz;118559230;Männlich;"Juden;Tschechische Republik;Österreich";https://www.wikidata.org/wiki/Q905;Q905
38;Joseph Anton Waldvogl;Waldvogl, Joseph Anton;1050382684;Männlich;Österreich;https://www.wikidata.org/wiki/Q132294957;Q132294957
39;Gerrit Engelke;Engelke, Gerrit;118530356;Männlich;Deutschland;https://www.wikidata.org/wiki/Q102940;Q102940
40;Jens Baggesen;Baggesen, Jens;118505904;Männlich;"Deutschland;Frankreich;Dänemark";https://www.wikidata.org/wiki/Q215945;Q215945
41;Josef Kupelwieser;Kupelwieser, Josef;134672275;Männlich;"Österreich;Deutschland";https://www.wikidata.org/wiki/Q89961;Q89961
42;Karl Kraus;Kraus, Karl;118566288;Männlich;"Deutschland;Tschechische Republik;Österreich";https://www.wikidata.org/wiki/Q44328;Q44328
43;Johann Heinrich Gempt jun.;;;;;https://www.wikidata.org/wiki/Q121462073;Q121462073
44;Paul Heyse;Heyse, Paul;118550772;Männlich;Deutschland;https://www.wikidata.org/wiki/Q76487;Q76487
45;Arno Holz;Holz, Arno;118553216;Männlich;"Polen;Deutschland";https://www.wikidata.org/wiki/Q64404;Q64404
46;Otto Seemann;Seemann, Otto;1043871454;Unbekannt;Deutschland;https://www.wikidata.org/wiki/Q29892109;Q29892109
47;Frank Wedekind;Wedekind, Frank;118629867;Männlich;Deutschland;https://www.wikidata.org/wiki/Q57619;Q57619
48;Joseph von Auffenberg;Auffenberg, Joseph von;11850505X;Männlich;Deutschland;https://www.wikidata.org/wiki/Q72040;Q72040
49;Christiane Caroline Schlegel;Schlegel, Christiane Caroline;117313890;Weiblich;Deutschland;https://www.wikidata.org/wiki/Q1082716;Q1082716
50;Richard Wagner;Wagner, Richard;118594117;Männlich;"Österreich;Italien;Deutschland;Schweiz";https://www.wikidata.org/wiki/Q1511;Q1511
51;Carl Hauptmann;Hauptmann, Carl;118546910;Männlich;Deutschland;https://www.wikidata.org/wiki/Q77485;Q77485
52;Zacharias Werner;Werner, Friedrich Ludwig Zacharias;118767208;Männlich;"Deutschland;Österreich";https://www.wikidata.org/wiki/Q139557;Q139557
53;Christian Felix Weiße;Weiße, Christian Felix;118630563;Männlich;Deutschland;https://www.wikidata.org/wiki/Q68815;Q68815
54;Heinrich Zschokke;Zschokke, Heinrich;118637266;Männlich;"Deutschland;Schweiz";https://www.wikidata.org/wiki/Q66207;Q66207
55;Anton Richter;Richter, Anton;121050955;Männlich;Deutschland;https://www.wikidata.org/wiki/Q99938226;Q99938226
56;Gotthold Ephraim Lessing;Lessing, Gotthold Ephraim;118572121;Männlich;Deutschland;https://www.wikidata.org/wiki/Q34628;Q34628
57;Hans Sachs;Sachs, Hans;118604597;Männlich;Deutschland;https://www.wikidata.org/wiki/Q19543;Q19543
58;Oscar Blumenthal;Blumenthal, Oscar;118659111;Männlich;Deutschland;https://www.wikidata.org/wiki/Q71567;Q71567
59;Moritz Preusse;;;;;https://www.wikidata.org/wiki/Q118907006;Q118907006
60;Henry von Heiseler;Heiseler, Henry von;118709933;Männlich;Deutschland;https://www.wikidata.org/wiki/Q1607455;Q1607455
61;Johann Christoph Kaffka;Kaffka, Johann Christoph;127693211;Männlich;Deutschland;https://www.wikidata.org/wiki/Q821373;Q821373
62;August Wilhelm Schlegel;Schlegel, August Wilhelm von;118607960;Männlich;Deutschland;https://www.wikidata.org/wiki/Q57281;Q57281
63;Friedrich Ludwig Schröder;Schröder, Friedrich Ludwig;118610813;Männlich;Deutschland;https://www.wikidata.org/wiki/Q213877;Q213877
64;Emil Rosenow;Rosenow, Emil;119194724;Männlich;Deutschland;https://www.wikidata.org/wiki/Q1336759;Q1336759
65;Julius von Soden;Soden, Julius von;118852027;Männlich;Deutschland;https://www.wikidata.org/wiki/Q103911;Q103911
66;Albert Emil Brachvogel;Brachvogel, Albert Emil;119163454;Männlich;Deutschland;https://www.wikidata.org/wiki/Q216668;Q216668
67;Adolf Müllner;Müllner, Adolph;118737775;Männlich;Deutschland;https://www.wikidata.org/wiki/Q73359;Q73359
68;Ernst Barlach;Barlach, Ernst;118506617;Männlich;Deutschland;https://www.wikidata.org/wiki/Q156890;Q156890
69;Friedrich Wilhelm Gotter;Gotter, Friedrich Wilhelm;118540939;Männlich;Deutschland;https://www.wikidata.org/wiki/Q70356;Q70356
70;Salomon Hermann Mosenthal;Mosenthal, Salomon Hermann von;101363184;Männlich;"Deutschland;Juden;Österreich";https://www.wikidata.org/wiki/Q2214998;Q2214998
71;Christlob Mylius;Mylius, Christlob;11858605X;Männlich;Deutschland;https://www.wikidata.org/wiki/Q109405;Q109405
72;Theodor Körner;Körner, Theodor;118713507;Männlich;Deutschland;https://www.wikidata.org/wiki/Q62344;Q62344
73;Friedrich Kaiser;Kaiser, Friedrich;118874748;Männlich;"Deutschland;Österreich";https://www.wikidata.org/wiki/Q85121;Q85121
74;Bruno Frank;Frank, Bruno;118702866;Männlich;"Österreich;Schweiz;USA;Deutschland";https://www.wikidata.org/wiki/Q62133;Q62133
75;Friedrich de la Motte Fouqué;Fouqué, Friedrich de La Motte-;118534556;Männlich;"Frankreich;Deutschland";https://www.wikidata.org/wiki/Q77371;Q77371
76;Adelheid Wette;Wette, Adelheid;119514125;Weiblich;Deutschland;https://www.wikidata.org/wiki/Q354730;Q354730
77;Johann Friedrich von Cronegk;Cronegk, Johann Friedrich von;11852285X;Männlich;Deutschland;https://www.wikidata.org/wiki/Q87197;Q87197
78;Otto Sager;Sager, Otto;1050781767;Männlich;Deutschland;https://www.wikidata.org/wiki/Q94814224;Q94814224
79;Albert Lortzing;Lortzing, Albert;118574469;Männlich;Deutschland;https://www.wikidata.org/wiki/Q154203;Q154203
80;Heinrich Wilhelm von Gerstenberg;Gerstenberg, Heinrich Wilhelm von;118690949;Männlich;Deutschland;https://www.wikidata.org/wiki/Q77488;Q77488
81;Christian Gottlieb Lieberkühn;Lieberkühn, Christian Gottlieb;129694142;Unbekannt;Deutschland;https://www.wikidata.org/wiki/Q1079959;Q1079959
82;Johann Karl Wezel;Wezel, Johann Carl;118632108;Männlich;Deutschland;https://www.wikidata.org/wiki/Q114493;Q114493
83;Friedrich Wilhelm Riese;Riese, Friedrich Wilhelm;105607231;Männlich;"Deutschland;Italien";https://www.wikidata.org/wiki/Q85481;Q85481
84;Jakob Michael Reinhold Lenz;Lenz, Jakob Michael Reinhold;118571656;Männlich;"Russland;Deutschland;Lettland";https://www.wikidata.org/wiki/Q76417;Q76417
85;Christoph Friedrich Bretzner;Bretzner, Christoph Friedrich;115849238;Männlich;Deutschland;https://www.wikidata.org/wiki/Q86383;Q86383
86;Hennie Raché;Raché, Hennie;15778648X;Weiblich;Deutschland;https://www.wikidata.org/wiki/Q1605425;Q1605425
87;Ferdinand Lassalle;Lassalle, Ferdinand;118569910;Männlich;Deutschland;https://www.wikidata.org/wiki/Q75784;Q75784
88;Josef Bernhard Pelzel von Pelzeln;Pelzel, Joseph Bernhard;12200308X;Männlich;"Österreich;Deutschland";https://www.wikidata.org/wiki/Q55858581;Q55858581
89;Hermann Herzenskron;Herzenskron, Hermann Josef;101454201;Männlich;"Österreich;Deutschland";https://www.wikidata.org/wiki/Q18222260;Q18222260
90;Juliane Déry;Déry, Juliane;116081392;Weiblich;"Deutschland;Ungarn";https://www.wikidata.org/wiki/Q986949;Q986949
91;Johann David Beil;Beil, Johann David;118654969;Männlich;Deutschland;https://www.wikidata.org/wiki/Q105804;Q105804
92;Rudolf Bunge;Bunge, Rudolf;117156302;Männlich;Deutschland;https://www.wikidata.org/wiki/Q88840;Q88840
93;Emil Gerhäuser;Gerhäuser, Emil;11656640X;Männlich;Deutschland;https://www.wikidata.org/wiki/Q1336111;Q1336111
94;August von Kotzebue;Kotzebue, August von;118565796;Männlich;"Deutschland;Russland";https://www.wikidata.org/wiki/Q57242;Q57242
95;Karl von Eckartshausen;Eckartshausen, Carl von;119552590;Männlich;Deutschland;https://www.wikidata.org/wiki/Q67274;Q67274
96;Christian Heinrich Spiess;Spiess, Christian Heinrich;118961446;Männlich;Deutschland;https://www.wikidata.org/wiki/Q91589;Q91589
97;Salomon Gessner;Geßner, Salomon;118538969;Männlich;"Deutschland;Schweiz";https://www.wikidata.org/wiki/Q123765;Q123765
98;Baron Eligius Franz Joseph von Münch-Bellinghausen;Halm, Friedrich;118720074;Männlich;"Österreich;Deutschland";https://www.wikidata.org/wiki/Q78939;Q78939
99;Ernst von Wildenbruch;Wildenbruch, Ernst von;118771760;Männlich;"Syrien;Libanon;Deutschland";https://www.wikidata.org/wiki/Q45337;Q45337
100;Fritz Stavenhagen;Stavenhagen, Fritz;118752901;Männlich;Deutschland;https://www.wikidata.org/wiki/Q120709;Q120709
101;Johann Christoph Gottsched;Gottsched, Johann Christoph;118541013;Männlich;"Russland;Deutschland";https://www.wikidata.org/wiki/Q76442;Q76442
102;Emanuel Schikaneder;Schikaneder, Emanuel;11860757X;Männlich;"Deutschland;Österreich";https://www.wikidata.org/wiki/Q213547;Q213547
103;Hans Franz Kannengießer;Kannengießer, Hans Franz;1113194588;Unbekannt;Land unbekannt;https://www.wikidata.org/wiki/Q107753887;Q107753887
104;Karl Borromäus Alexander Sessa;Sessa, Karl Borromäus Alexander;117657085;Männlich;Deutschland;https://www.wikidata.org/wiki/Q21089479;Q21089479
105;Otto Julius Bierbaum;Bierbaum, Otto Julius;118510762;Männlich;"Deutschland;Polen";https://www.wikidata.org/wiki/Q64001;Q64001
106;Christian Gottlob Klemm;Klemm, Christian Gottlob;100303935;Männlich;"Deutschland;Österreich";https://www.wikidata.org/wiki/Q21156171;Q21156171
107;August Wilhelm Iffland;Iffland, August Wilhelm;118555324;Männlich;Deutschland;https://www.wikidata.org/wiki/Q215115;Q215115
108;Eleonore Thon;Thon, Eleonore;130110973;Unbekannt;Deutschland;https://www.wikidata.org/wiki/Q1257724;Q1257724
109;Christian Dietrich Grabbe;Grabbe, Christian Dietrich;118541102;Männlich;Deutschland;https://www.wikidata.org/wiki/Q61091;Q61091
110;Christian Levin Sander;Sander, Christian Levin;116780711;Männlich;"Dänemark;Deutschland";https://www.wikidata.org/wiki/Q91130;Q91130
111;Friedrich Gustav Hagemann;Hagemann, Friedrich Gustav;100845908;Männlich;Deutschland;https://www.wikidata.org/wiki/Q23061863;Q23061863
112;Joseph Carl Bernard;Bernard, Joseph Carl;116136812;Männlich;"Österreich;Italien";https://www.wikidata.org/wiki/Q16003126;Q16003126
113;Karl Schönherr;Schönherr, Karl;118758926;Männlich;"Österreich;Deutschland";https://www.wikidata.org/wiki/Q94707;Q94707
114;Ludwig Ganghofer;Ganghofer, Ludwig;118537490;Männlich;Deutschland;https://www.wikidata.org/wiki/Q77475;Q77475
115;Theodor Herzl;Herzl, Theodor;118550241;Männlich;"Österreich;Ungarn;Juden;Deutschland";https://www.wikidata.org/wiki/Q44003;Q44003
116;Jaspar von Gennep;Gennep, Jaspar von;118716824;Unbekannt;Deutschland;https://www.wikidata.org/wiki/Q1278639;Q1278639
117;Bruno Ertler;Ertler, Bruno;105488437;Männlich;"Deutschland;Österreich";https://www.wikidata.org/wiki/Q993227;Q993227
118;Joseph Felix Kurz;Kurz, Joseph Felix von;118725602;Männlich;"Österreich;Deutschland";https://www.wikidata.org/wiki/Q15441252;Q15441252
119;Ernst Toller;Toller, Ernst;118623230;Männlich;"Deutschland;Polen;USA";https://www.wikidata.org/wiki/Q57266;Q57266
120;Stefan Zweig;Zweig, Stefan;118637479;Männlich;"Brasilien;Großbritannien;Österreich;Deutschland";https://www.wikidata.org/wiki/Q78491;Q78491
121;Margareta Klopstock;Klopstock, Margareta;118563394;Weiblich;Deutschland;https://www.wikidata.org/wiki/Q1727983;Q1727983
122;Peter Cornelius;Cornelius, Peter;118522213;Männlich;"Österreich;Deutschland";https://www.wikidata.org/wiki/Q57257;Q57257
123;August von Platen-Hallermünde;Platen, August, Graf von;118594869;Männlich;Deutschland;https://www.wikidata.org/wiki/Q62432;Q62432
124;Ludwig Tieck;Tieck, Ludwig;12989432X;Männlich;Deutschland;https://www.wikidata.org/wiki/Q57239;Q57239
125;Georg Ludwig Franz Freisleben;Freisleben, Georg Ludwig Franz;136284353;Männlich;Deutschland;https://www.wikidata.org/wiki/Q55843847;Q55843847
126;Gorch Fock;Fock, Gorch;118691988;Männlich;Deutschland;https://www.wikidata.org/wiki/Q69087;Q69087
127;Hugo Ball;Ball, Hugo;118506234;Männlich;Deutschland;https://www.wikidata.org/wiki/Q70989;Q70989
128;Richard Dehmel;Dehmel, Richard;118679236;Männlich;"Österreich;Deutschland";https://www.wikidata.org/wiki/Q76590;Q76590
129;Wolfgang Franz von Kobell;Kobell, Franz von;116263431;Männlich;Deutschland;https://www.wikidata.org/wiki/Q76459;Q76459
130;Q4233718;;;;;;
131;Karl Theodor Breithaupt;Breithaupt, Karl Theodor;1022276433;Unbekannt;Deutschland;https://www.wikidata.org/wiki/Q130634440;Q130634440
132;Theodor Johann Quistorp;Quistorp, Theodor Johann;100540856;Männlich;Deutschland;https://www.wikidata.org/wiki/Q1749663;Q1749663
133;Gottlieb Stephanie;Stephanie, Gottlieb;119545799;Männlich;"Deutschland;Österreich";https://www.wikidata.org/wiki/Q78822;Q78822
134;Josef August Törring;Törring, Josef August von;118802399;Männlich;Deutschland;https://www.wikidata.org/wiki/Q1675559;Q1675559
135;Ludwig Achim von Arnim;Arnim, Achim von;118504177;Männlich;Deutschland;https://www.wikidata.org/wiki/Q70988;Q70988
136;Friedrich Wilhelm von Schütz;Schütz, Friedrich Wilhelm von;120163748;Männlich;Deutschland;https://www.wikidata.org/wiki/Q216443;Q216443
137;Tobias Frech von Ehrimfeld;Frech von Ehrimfeld, Tobias;1243918993;Männlich;Österreich;https://www.wikidata.org/wiki/Q107711915;Q107711915
138;Heinrich Joseph von Collin;Collin, Heinrich Joseph von;11852156X;Männlich;"Österreich;Deutschland";https://www.wikidata.org/wiki/Q84824;Q84824
139;Ferdinand Raimund;Raimund, Ferdinand;118597914;Männlich;"Österreich;Deutschland";https://www.wikidata.org/wiki/Q45025;Q45025
140;Josef Ruederer;Ruederer, Josef;118791508;Männlich;Deutschland;https://www.wikidata.org/wiki/Q1705581;Q1705581
141;Heinrich Beyer;;;;;https://www.wikidata.org/wiki/Q112771857;Q112771857
142;Friedrich Wilhelm Gotter;Gotter, Friedrich Wilhelm;118540939;Männlich;Deutschland;https://www.wikidata.org/wiki/Q70356;Q70356
143;Julius von Voss;Voß, Julius von;118627929;Männlich;Deutschland;https://www.wikidata.org/wiki/Q90626;Q90626
144;Heinrich Lautensack;Lautensack, Heinrich;118570226;Männlich;Deutschland;https://www.wikidata.org/wiki/Q1598156;Q1598156
145;Karl Koch;Koch, Karl;1055194061;Unbekannt;;https://www.wikidata.org/wiki/Q108678885;Q108678885
146;Johann Gottfried Seume;Seume, Johann Gottfried;118613480;Männlich;Deutschland;https://www.wikidata.org/wiki/Q77451;Q77451
147;Johann Anton Friedrich Reil;Reil, Johann Anton Friedrich;116414006;Männlich;"Österreich;Deutschland";https://www.wikidata.org/wiki/Q1692389;Q1692389
148;Ignaz Schnitzer;Schnitzer, Ignaz;121068218;Männlich;"Ungarn;Österreich;Deutschland;Slowakei";https://www.wikidata.org/wiki/Q4525849;Q4525849
149;Oskar Panizza;Panizza, Oskar;118739131;Männlich;Deutschland;https://www.wikidata.org/wiki/Q62871;Q62871
150;Hermann Sudermann;Sudermann, Hermann;118619853;Männlich;Deutschland;https://www.wikidata.org/wiki/Q65448;Q65448
151;Adolph L'Arronge;L'Arronge, Adolph;116000309;Männlich;"Deutschland;Juden";https://www.wikidata.org/wiki/Q365448;Q365448
152;Hans Chlumberg;Chlumberg, Hans;123628911;Männlich;"Deutschland;Österreich";https://www.wikidata.org/wiki/Q102892;Q102892
153;Karl Johann Braun von Braunthal;Braun von Braunthal, Karl Johann;116428384;Männlich;"Deutschland;Österreich";https://www.wikidata.org/wiki/Q1731807;Q1731807
154;Karl Meisl;Meisl, Karl;119323915;Männlich;"Deutschland;Österreich";https://www.wikidata.org/wiki/Q1308773;Q1308773
155;Arno Holz;Holz, Arno;118553216;Männlich;"Polen;Deutschland";https://www.wikidata.org/wiki/Q64404;Q64404
156;Johann Nestroy;Nestroy, Johann;118587080;Männlich;"Österreich;Deutschland";https://www.wikidata.org/wiki/Q44862;Q44862
157;Johann Christian Hallmann;Hallmann, Johann Christian;118701142;Männlich;Deutschland;https://www.wikidata.org/wiki/Q98928;Q98928
158;Carl Sternheim;Sternheim, Carl;118617958;Männlich;"Belgien;Deutschland";https://www.wikidata.org/wiki/Q61662;Q61662
159;Sammy Gronemann;Gronemann, Sammy;118702718;Männlich;"Deutschland;Polen;Israel;Jordanien";https://www.wikidata.org/wiki/Q106217;Q106217
160;Joachim Wilhelm von Brawe;Brawe, Joachim Wilhelm von;11865991X;Männlich;Deutschland;https://www.wikidata.org/wiki/Q67248;Q67248
161;Paul Weidmann;Weidmann, Paul;119497921;Männlich;"Österreich;Deutschland";https://www.wikidata.org/wiki/Q114260;Q114260
162;Otto Ludwig;Ludwig, Otto;118574973;Männlich;Deutschland;https://www.wikidata.org/wiki/Q77321;Q77321
163;Friedrich Gottlieb Klopstock;Klopstock, Friedrich Gottlieb;118563386;Männlich;Deutschland;https://www.wikidata.org/wiki/Q154367;Q154367
164;Hinrich Borkenstein;Borkenstein, Hinrich;100428428;Männlich;Deutschland;https://www.wikidata.org/wiki/Q1619457;Q1619457
165;Benedikt Josef Maria von Koller;Koller, Benedikt Josef Maria von;116314850;Männlich;"Österreich;Deutschland";https://www.wikidata.org/wiki/Q816963;Q816963
166;Luise Gottsched;Gottsched, Luise Adelgunde Victorie;118696734;Weiblich;"Deutschland;Polen";https://www.wikidata.org/wiki/Q65863;Q65863
167;Friederike Caroline Neuber;Neuber, Friederike Caroline;118738577;Weiblich;Deutschland;https://www.wikidata.org/wiki/Q68316;Q68316
168;Charlotte Birch-Pfeiffer;Birch-Pfeiffer, Charlotte;118658875;Weiblich;Deutschland;https://www.wikidata.org/wiki/Q68117;Q68117
169;Wilhelm Schaefer;Schaefer, Wilhelm;117099309;Männlich;"Deutschland;Schweiz";https://www.wikidata.org/wiki/Q21043127;Q21043127
170;Karl Friedrich Benkowitz;Benkowitz, Karl Friedrich;116121009;Männlich;Deutschland;https://www.wikidata.org/wiki/Q1721700;Q1721700
171;Ernst August Friedrich Klingemann;Klingemann, Ernst August Friedrich;118563300;Männlich;Deutschland;https://www.wikidata.org/wiki/Q68143;Q68143
172;Karl Alexander;Alexander, Karl;101457014X;Unbekannt;Österreich;https://www.wikidata.org/wiki/Q100989128;Q100989128
173;Bernard Christoph d'Arien;Arien, Bernhard Christoph d';127806679;Männlich;Deutschland;https://www.wikidata.org/wiki/Q25991406;Q25991406
174;Karl von Reitzenstein;Reitzenstein, Carl Philipp Caspar von;104315474;Männlich;Deutschland;https://www.wikidata.org/wiki/Q1492880;Q1492880
175;Carl Ludwig Costenoble;Costenoble, Carl Ludwig;116689234;Männlich;"Österreich;Tschechische Republik;Deutschland";https://www.wikidata.org/wiki/Q1732203;Q1732203
176;Johann André;André, Johann;11601198X;Männlich;Deutschland;https://www.wikidata.org/wiki/Q69258;Q69258
177;Franz von Schönthan;Schönthan, Franz von;116889292;Männlich;"Deutschland;Österreich";https://www.wikidata.org/wiki/Q114579;Q114579
178;Adele von Bredow-Goerne;Bredow-Görne, Adele von;116469463;Weiblich;Deutschland;https://www.wikidata.org/wiki/Q55897097;Q55897097
179;Baptista Vanoni;Vanoni, B.;1073385124;Männlich;Deutschland;https://www.wikidata.org/wiki/Q111314114;Q111314114
180;Franz Hermes;Hermes, Franz;1038721237;Männlich;Deutschland;https://www.wikidata.org/wiki/Q94889051;Q94889051
181;Arthur Schnitzler;Schnitzler, Arthur;118609807;Männlich;"Österreich;Deutschland";https://www.wikidata.org/wiki/Q44331;Q44331
182;Heinrich Bösenberg;Bösenberg, Johann Heinrich;13848676X;Männlich;Deutschland;https://www.wikidata.org/wiki/Q17575492;Q17575492
183;Philipp Hafner;Hafner, Philipp;118544640;Männlich;"Deutschland;Österreich";https://www.wikidata.org/wiki/Q88138;Q88138
184;Karl May;May, Karl;118818651;Männlich;Deutschland;https://www.wikidata.org/wiki/Q22714;Q22714
185;Else Lasker-Schüler;Lasker-Schüler, Else;118569880;Weiblich;"Israel;Deutschland";https://www.wikidata.org/wiki/Q58033;Q58033
186;Rainer Maria Rilke;Rilke, Rainer Maria;118601024;Männlich;"Deutschland;Österreich;Tschechische Republik;Frankreich";https://www.wikidata.org/wiki/Q76483;Q76483
187;Louis Angely;Angely, Louis;116311118;Männlich;Deutschland;https://www.wikidata.org/wiki/Q76070;Q76070
188;Karoline von Günderrode;Günderode, Karoline von;118543202;Weiblich;Deutschland;https://www.wikidata.org/wiki/Q62053;Q62053
189;Gerhart Hauptmann;Hauptmann, Gerhart;118546937;Männlich;"Deutschland;Polen";https://www.wikidata.org/wiki/Q43523;Q43523
190;Ernst Raupach;Raupach, Ernst Benjamin Salomo;100823548;Männlich;"Deutschland;Russland";https://www.wikidata.org/wiki/Q67961;Q67961
191;Adolf Wilbrandt;Wilbrandt, Adolf von;118807250;Männlich;"Österreich;Deutschland";https://www.wikidata.org/wiki/Q67953;Q67953
192;Joseph von Eichendorff;Eichendorff, Joseph von;118529390;Männlich;"Deutschland;Polen;Russland";https://www.wikidata.org/wiki/Q77204;Q77204
193;Eduard von Bauernfeld;Bauernfeld, Eduard von;118507400;Männlich;"Deutschland;Österreich";https://www.wikidata.org/wiki/Q78865;Q78865
194;Anton Wildgans;Wildgans, Anton;118632841;Männlich;"Österreich;Deutschland";https://www.wikidata.org/wiki/Q84894;Q84894
195;Johannes Schlaf;Schlaf, Johannes;118607871;Männlich;Deutschland;https://www.wikidata.org/wiki/Q70842;Q70842
196;Clementine Schrader;Schrader, Clementine;130148148;Weiblich;Deutschland;https://www.wikidata.org/wiki/Q105103631;Q105103631
197;Otto Heinrich von Gemmingen-Hornberg;Gemmingen, Otto H. von;118716778;Männlich;Deutschland;https://www.wikidata.org/wiki/Q215771;Q215771
198;Ludwig Uhland;Uhland, Ludwig;118625063;Männlich;Deutschland;https://www.wikidata.org/wiki/Q61058;Q61058
199;Gottlieb Konrad Pfeffel;Pfeffel, Gottlieb Konrad;118740709;Männlich;"Schweiz;Frankreich;Deutschland";https://www.wikidata.org/wiki/Q77742;Q77742
200;Ödön von Horváth;Horváth, Ödön von;118553739;Männlich;"Deutschland;Ungarn;Österreich;Kroatien";https://www.wikidata.org/wiki/Q84455;Q84455
201;Ignaz Franz Castelli;Castelli, Ignaz Franz;118667424;Männlich;"Deutschland;Österreich";https://www.wikidata.org/wiki/Q78813;Q78813
202;Reinhard Sorge;Sorge, Reinhard Johannes;118798065;Männlich;Deutschland;https://www.wikidata.org/wiki/Q69201;Q69201
203;Johann Gottlob Benjamin Pfeil;Pfeil, Johann Gottlob Benjamin;115546456;Männlich;Deutschland;https://www.wikidata.org/wiki/Q1256273;Q1256273
204;Gustav von Moser;Moser, Gustav von;116937807;Männlich;Deutschland;https://www.wikidata.org/wiki/Q214573;Q214573
205;Christoph Martin Wieland;Wieland, Christoph Martin;118632477;Männlich;Deutschland;https://www.wikidata.org/wiki/Q154010;Q154010
206;F. Marlow;Wolfram, Hermann Ludwig;100723004;Männlich;Deutschland;https://www.wikidata.org/wiki/Q55122406;Q55122406
207;Arno Holz;Holz, Arno;118553216;Männlich;"Polen;Deutschland";https://www.wikidata.org/wiki/Q64404;Q64404
208;Louis von Wallenrodt;Wallenrodt, Louis von;1055096272;Unbekannt;;https://www.wikidata.org/wiki/Q131994520;Q131994520
209;Christian Weise;Weise, Christian;118630369;Männlich;Deutschland;https://www.wikidata.org/wiki/Q90798;Q90798
210;Adolf Bäuerle;Bäuerle, Adolf;119560038;Männlich;"Deutschland;Schweiz;Österreich";https://www.wikidata.org/wiki/Q361119;Q361119
211;Jakob Ayrer;Ayrer, Jakob;118651307;Männlich;Deutschland;https://www.wikidata.org/wiki/Q71325;Q71325
212;Joseph Christian Freiherr von Zedlitz;Zedlitz, Joseph Christian von;118808346;Männlich;"Österreich;Deutschland";https://www.wikidata.org/wiki/Q429184;Q429184
213;Karl Haffner;Haffner, Karl;120430231;Männlich;"Deutschland;Österreich";https://www.wikidata.org/wiki/Q106121;Q106121
214;Michael Beer;Beer, Michael;118657887;Männlich;Deutschland;https://www.wikidata.org/wiki/Q107287;Q107287
215;Anton Tomaž Linhart;Linhart, Anton Tomaž;129878774;Männlich;"Slowenien;Österreich;Deutschland";https://www.wikidata.org/wiki/Q594866;Q594866
216;Beatrice von Dovsky;Dovsky, Beatrice;12686022X;Weiblich;"Österreich;Deutschland";https://www.wikidata.org/wiki/Q88821;Q88821
217;Prince George of Prussia;Georg, Preußen, Prinz;101471920;Männlich;Deutschland;https://www.wikidata.org/wiki/Q105946;Q105946
218;Andreas Gryphius;Gryphius, Andreas;118543032;Männlich;Deutschland;https://www.wikidata.org/wiki/Q77214;Q77214
219;Friedrich Theodor Vischer;Vischer, Friedrich Theodor;11862721X;Männlich;Deutschland;https://www.wikidata.org/wiki/Q651;Q651
220;August Stramm;Stramm, August;118618830;Männlich;Deutschland;https://www.wikidata.org/wiki/Q61657;Q61657
221;Karl Philipp Moritz;Moritz, Karl Philipp;118584162;Männlich;Deutschland;https://www.wikidata.org/wiki/Q215781;Q215781
222;Konrad Alberti;Alberti, Konrad;116009926;Männlich;Deutschland;https://www.wikidata.org/wiki/Q113227;Q113227
223;Karl Gutzkow;Gutzkow, Karl;118543830;Männlich;Deutschland;https://www.wikidata.org/wiki/Q76755;Q76755
224;Friedrich Eberhard Rambach;Rambach, Friedrich Eberhard;117686387;Männlich;Deutschland;https://www.wikidata.org/wiki/Q100583;Q100583
225;Christian Leberecht Martini;Martini, Christian L.;100846459;Männlich;Deutschland;https://www.wikidata.org/wiki/Q94830647;Q94830647
226;Paul Weidmann;Weidmann, Paul;119497921;Männlich;"Österreich;Deutschland";https://www.wikidata.org/wiki/Q114260;Q114260
227;Ludwig Thoma;Thoma, Ludwig;118622072;Männlich;Deutschland;https://www.wikidata.org/wiki/Q45309;Q45309
228;Peter Pollinger;Pollinger, Anton Peter;104580214X;Männlich;Tschechische Republik;https://www.wikidata.org/wiki/Q94692959;Q94692959
229;Ludwig Rubiner;Rubiner, Ludwig;118603590;Männlich;"Frankreich;Schweiz;Österreich;Deutschland";https://www.wikidata.org/wiki/Q1874926;Q1874926
230;Robert Reinick;Reinick, Robert;116427620;Männlich;Deutschland;https://www.wikidata.org/wiki/Q573548;Q573548
231;Friedrich von Helldorff;Helldorff, August Friedrich von;121422372;Unbekannt;Deutschland;https://www.wikidata.org/wiki/Q113149628;Q113149628
232;Gottfried Conrad Böttger;Böttger, Gottfried Conrad;100769195;Männlich;Deutschland;https://www.wikidata.org/wiki/Q94886965;Q94886965
233;Painter Müller;Müller, Friedrich;118584871;Männlich;Deutschland;https://www.wikidata.org/wiki/Q481491;Q481491
234;Friederike Sophie Seyler;Hensel, Sophie Friederike;116720964;Weiblich;Deutschland;https://www.wikidata.org/wiki/Q86931;Q86931
235;Heinrich Wilhelm Lawätz;Lawätz, Heinrich Wilhelm;123529751;Männlich;Deutschland;https://www.wikidata.org/wiki/Q1000323;Q1000323
236;Otto Ernst;Ernst, Otto;118682342;Männlich;Deutschland;https://www.wikidata.org/wiki/Q123291;Q123291
237;Carl Laufs;Laufs, Carl;106290916;Männlich;Deutschland;https://www.wikidata.org/wiki/Q214741;Q214741
238;Pamphilus Gengenbach;Gengenbach, Pamphilus;11853842X;Männlich;"Schweiz;Deutschland";https://www.wikidata.org/wiki/Q1305022;Q1305022
239;Friedrich Schiller;Schiller, Friedrich;118607626;Männlich;Deutschland;https://www.wikidata.org/wiki/Q22670;Q22670
240;Karl Leberecht Immermann;Immermann, Karl Leberecht;118555553;Männlich;Deutschland;https://www.wikidata.org/wiki/Q213589;Q213589
241;Leopold Auenbrugger;Auenbrugger, Leopold;117668931;Männlich;Österreich;https://www.wikidata.org/wiki/Q78803;Q78803
242;Joseph Sonnleithner;Sonnleithner, Joseph;104332042;Männlich;"Deutschland;Österreich";https://www.wikidata.org/wiki/Q86117;Q86117
243;Samuel Friedrich Lucas von Eckardt;Eckardt, Friedrich von;100447864;Männlich;Deutschland;https://www.wikidata.org/wiki/Q21660249;Q21660249
244;Klabund;Klabund;118562681;Männlich;Deutschland;https://www.wikidata.org/wiki/Q61263;Q61263
245;Justus Möser;Möser, Justus;11858314X;Männlich;Deutschland;https://www.wikidata.org/wiki/Q65087;Q65087
246;Jonathan Gottlieb Göntgen;Göntgen, Jonathan Gottlieb;142633216;Männlich;Deutschland;https://www.wikidata.org/wiki/Q94941684;Q94941684
247;Georg Büchner;Büchner, Georg;118516906;Männlich;"Schweiz;Deutschland;Frankreich";https://www.wikidata.org/wiki/Q154014;Q154014
248;Johann Anton Leisewitz;Leisewitz, Johann Anton;118571370;Männlich;Deutschland;https://www.wikidata.org/wiki/Q64063;Q64063
249;Joseph Alois Gleich;Gleich, Joseph Alois;119559994;Männlich;"Deutschland;Österreich";https://www.wikidata.org/wiki/Q1704178;Q1704178
250;Georg Kaiser;Kaiser, Georg;118559427;Männlich;"Deutschland;Niederlande;Schweiz";https://www.wikidata.org/wiki/Q60477;Q60477
251;Johann Friedrich Schink;Schink, Johann Friedrich;118607774;Männlich;Deutschland;https://www.wikidata.org/wiki/Q15873118;Q15873118
252;Walter Hasenclever;Hasenclever, Walter;118546619;Männlich;"Großbritannien;Italien;Deutschland;Frankreich";https://www.wikidata.org/wiki/Q62628;Q62628
253;Eduard Devrient;Devrient, Eduard;118525042;Männlich;Deutschland;https://www.wikidata.org/wiki/Q67901;Q67901
254;Karl Eduard von Holtei;Holtei, Karl von;118706640;Männlich;"Polen;Deutschland;Österreich";https://www.wikidata.org/wiki/Q66388;Q66388
255;Wilhelm August Wohlbrück;Wohlbrück, Wilhelm August;124953271;Männlich;Deutschland;https://www.wikidata.org/wiki/Q2571779;Q2571779
256;Franz Philipp Adolph Schouwärt;Schouwärt, Franz Philipp Adolph;117015598;Männlich;Deutschland;https://www.wikidata.org/wiki/Q20243224;Q20243224
257;Heinrich Heine;Heine, Heinrich;118548018;Männlich;"Deutschland;Frankreich";https://www.wikidata.org/wiki/Q44403;Q44403
258;Hedwig Lachmann;Lachmann, Hedwig;119115441;Weiblich;"Großbritannien;Deutschland;Polen";https://www.wikidata.org/wiki/Q72070;Q72070
259;Georg Heym;Heym, Georg;118550683;Männlich;"Deutschland;Polen";https://www.wikidata.org/wiki/Q61601;Q61601
260;Emma Laddey;Laddey, Emma;11664365X;Weiblich;Deutschland;https://www.wikidata.org/wiki/Q1338050;Q1338050
261;Ludwig Anzengruber;Anzengruber, Ludwig;11850357X;Männlich;"Deutschland;Österreich";https://www.wikidata.org/wiki/Q93718;Q93718
262;Johann Albrecht Huber;Huber, Johann Albert;1035253283;Unbekannt;Deutschland;https://www.wikidata.org/wiki/Q94618658;Q94618658
263;Christian Steltzer;Steltzer, Christian Julius Ludwig;104254858;Männlich;"Deutschland;Russland";https://www.wikidata.org/wiki/Q12360610;Q12360610
264;Johann Gottlieb Schildbach;Schildbach, Johann Gottlieb;123178614;Männlich;"Österreich;Ungarn;Deutschland";https://www.wikidata.org/wiki/Q55127608;Q55127608
265;Karl Friedrich Hensler;Hensler, Karl Friedrich;119267659;Männlich;"Österreich;Deutschland";https://www.wikidata.org/wiki/Q1731074;Q1731074
266;Johanna Franul von Weißenthurn;Franul von Weißenthurn, Johanna;116752505;Weiblich;"Österreich;Deutschland";https://www.wikidata.org/wiki/Q1696932;Q1696932
267;Robert Prutz;Prutz, Robert Eduard;11859687X;Männlich;Deutschland;https://www.wikidata.org/wiki/Q86152;Q86152
268;Heinrich Ferdinand Möller;Möller, Heinrich Ferdinand;10037784X;Männlich;Deutschland;https://www.wikidata.org/wiki/Q1470618;Q1470618
269;Joseph Marius Babo;Babo, Joseph Marius von;118988107;Männlich;Deutschland;https://www.wikidata.org/wiki/Q104172;Q104172
270;Helmina von Chézy;Chézy, Helmina von;119360659;Weiblich;"Deutschland;Schweiz";https://www.wikidata.org/wiki/Q67815;Q67815
271;Georg Friedrich Treitschke;Treitschke, Georg Friedrich;117409030;Männlich;"Österreich;Deutschland";https://www.wikidata.org/wiki/Q78038;Q78038
272;Friedrich Schlegel;Schlegel, Friedrich von;118607987;Männlich;"Deutschland;Frankreich;Österreich";https://www.wikidata.org/wiki/Q157271;Q157271
273;Johann Wolfgang von Goethe;Goethe, Johann Wolfgang von;118540238;Männlich;Deutschland;https://www.wikidata.org/wiki/Q5879;Q5879
274;Ferruccio Busoni;Busoni, Ferruccio;118518011;Männlich;"Italien;Deutschland";https://www.wikidata.org/wiki/Q219551;Q219551
275;Caroline von Wolzogen;Wolzogen, Karoline von;118771272;Weiblich;Deutschland;https://www.wikidata.org/wiki/Q75960;Q75960
276;Johann André;André, Johann;11601198X;Männlich;Deutschland;https://www.wikidata.org/wiki/Q69258;Q69258
277;Johann Christian Krüger;Krüger, Johann Christian;118778080;Männlich;Deutschland;https://www.wikidata.org/wiki/Q109643;Q109643
278;Helfrich Peter Sturz;Sturz, Helfrich Peter;118619756;Männlich;Deutschland;https://www.wikidata.org/wiki/Q1602121;Q1602121
279;Johann Jakob Engel;Engel, Johann Jakob;11868468X;Männlich;Deutschland;https://www.wikidata.org/wiki/Q71442;Q71442
280;Christoph Ernst von Houwald;Houwald, Ernst von;118707280;Männlich;Deutschland;https://www.wikidata.org/wiki/Q73607;Q73607
281;Johann Jakob Bodmer;Bodmer, Johann Jakob;118512315;Männlich;"Deutschland;Schweiz";https://www.wikidata.org/wiki/Q115588;Q115588
282;Johann Ludwig Schlosser;Schlosser, Johann Ludwig;117330221;Männlich;Deutschland;https://www.wikidata.org/wiki/Q1695368;Q1695368
283;Karl Bleibtreu;Bleibtreu, Carl;118663909;Männlich;"Deutschland;Schweiz";https://www.wikidata.org/wiki/Q95194;Q95194
284;Carl Friedrich Solbrig;Solbrig, Carl Friedrich;115843477;Männlich;Deutschland;https://www.wikidata.org/wiki/Q19277106;Q19277106
285;Christoph Bernhard Joseph Schücking;Schücking, Christoph Bernhard Joseph;1014475457;Unbekannt;Deutschland;https://www.wikidata.org/wiki/Q94892853;Q94892853
286;Friedrich Roeber;Roeber, Friedrich;116579757;Männlich;Deutschland;https://www.wikidata.org/wiki/Q21160879;Q21160879
287;Franz Grillparzer;Grillparzer, Franz;118542192;Männlich;"Deutschland;Österreich";https://www.wikidata.org/wiki/Q154438;Q154438
288;Johann Elias Schlegel;Schlegel, Johann Elias;118608002;Männlich;Deutschland;https://www.wikidata.org/wiki/Q67322;Q67322
289;August Siegfried von Goue;Goue, August Siegfried von;118718282;Männlich;Deutschland;https://www.wikidata.org/wiki/Q763979;Q763979
290;Theodor Gottlieb von Hippel the Elder;Hippel, Theodor Gottlieb von;11855137X;Männlich;Deutschland;https://www.wikidata.org/wiki/Q214310;Q214310
291;Franz von Schober;Schober, Franz von;116849436;Männlich;"Österreich;Deutschland;Schweden";https://www.wikidata.org/wiki/Q113827;Q113827
292;Johann Christian Brandes;Brandes, Johann Christian;118673165;Männlich;Deutschland;https://www.wikidata.org/wiki/Q112511;Q112511
293;Cornelius von Ayrenhoff;Ayrenhoff, Cornelius von;118869647;Männlich;"Österreich;Deutschland";https://www.wikidata.org/wiki/Q112838;Q112838
294;Marie von Ebner-Eschenbach;Ebner-Eschenbach, Marie von;118528661;Weiblich;"Tschechische Republik;Deutschland;Österreich";https://www.wikidata.org/wiki/Q93525;Q93525
295;Clemens Brentano;Brentano, Clemens;118515055;Männlich;Deutschland;https://www.wikidata.org/wiki/Q57235;Q57235
296;Karl Adolph;Adolph, Karl;123217687;Männlich;Österreich;https://www.wikidata.org/wiki/Q1730220;Q1730220
297;Hermann Essig;Essig, Hermann;118531212;Männlich;Deutschland;https://www.wikidata.org/wiki/Q1611018;Q1611018
298;Joseph Sonnleithner;Sonnleithner, Joseph;104332042;Männlich;"Deutschland;Österreich";https://www.wikidata.org/wiki/Q86117;Q86117
299;Otto Erich Hartleben;Hartleben, Otto Erich;118546198;Männlich;"Deutschland;Italien";https://www.wikidata.org/wiki/Q76279;Q76279
300;Roderich Benedix;Benedix, Roderich;118658166;Männlich;Deutschland;https://www.wikidata.org/wiki/Q87176;Q87176
301;Ewald Christian von Kleist;Kleist, Ewald Christian von;118723499;Männlich;Deutschland;https://www.wikidata.org/wiki/Q213747;Q213747
302;Erich Mühsam;Mühsam, Erich;118584758;Männlich;Deutschland;https://www.wikidata.org/wiki/Q61722;Q61722
303;Karl von Marinelli;Marinelli, Karl von;100376924;Männlich;"Österreich;Deutschland";https://www.wikidata.org/wiki/Q1733642;Q1733642
304;Friedrich Hebbel;Hebbel, Friedrich;118547445;Männlich;"Deutschland;Österreich";https://www.wikidata.org/wiki/Q57182;Q57182
305;Paul Scheerbart;Scheerbart, Paul;118606816;Männlich;Deutschland;https://www.wikidata.org/wiki/Q62435;Q62435
306;Bertha Pappenheim;Pappenheim, Bertha;118816292;Weiblich;"Österreich;Deutschland;Juden";https://www.wikidata.org/wiki/Q61178;Q61178
307;Karl Joseph Simrock;Simrock, Karl;118614576;Männlich;Deutschland;https://www.wikidata.org/wiki/Q70350;Q70350
308;Ernst Elias Niebergall;Niebergall, Ernst Elias;118734776;Männlich;Deutschland;https://www.wikidata.org/wiki/Q92065;Q92065